{
  "solver": "ACO",
  "overall": {
    "total_cost": 8998.58087845983,
    "waiting_time": 0.0,
    "cvr": 0.0,
    "feasibility": 1.0,
    "runtime": 0.9306947688261668,
    "robustness": 0.19691626319779226
  },
  "cvrp": {
    "total_cost": 9195.838166710117,
    "waiting_time": 0.0,
    "cvr": 0.0,
    "feasibility": 1.0,
    "runtime": 0.9215425054232279,
    "robustness": 0.23645282257128658
  },
  "twcvrp": {
    "total_cost": 8801.323590209544,
    "waiting_time": 0.0,
    "cvr": 0.0,
    "feasibility": 1.0,
    "runtime": 0.9398470322291056,
    "robustness": 0.15737970382429792
  },
  "by_size": {
    "medium": {
      "feasibility": 1.0,
      "cost": 8998.58087845983,
      "cvr": 0.0,
      "runtime": 0.9306947688261668
    }
  },
  "detailed": [
    {
      "problem": "cvrp",
      "size": 100,
      "type": "standard",
      "metrics": {
        "total_cost": 6980.065822073469,
        "waiting_time": 0.0,
        "cvr": 0.0,
        "feasibility": 1.0,
        "runtime": 0.3690558274586995,
        "robustness": 0.19421246985954901
      },
      "problem_type": "cvrp"
    },
    {
      "problem": "cvrp",
      "size": 200,
      "type": "standard",
      "metrics": {
        "total_cost": 11411.610511346764,
        "waiting_time": 0.0,
        "cvr": 0.0,
        "feasibility": 1.0,
        "runtime": 1.4740291833877563,
        "robustness": 0.2786931752830242
      },
      "problem_type": "cvrp"
    },
    {
      "problem": "twcvrp",
      "size": 100,
      "type": "standard",
      "metrics": {
        "total_cost": 6851.96676293799,
        "waiting_time": 0.0,
        "cvr": 0.0,
        "feasibility": 1.0,
        "runtime": 0.3551848729451497,
        "robustness": 0.11749137396283656
      },
      "problem_type": "twcvrp"
    },
    {
      "problem": "twcvrp",
      "size": 200,
      "type": "standard",
      "metrics": {
        "total_cost": 10750.680417481097,
        "waiting_time": 0.0,
        "cvr": 0.0,
        "feasibility": 1.0,
        "runtime": 1.5245091915130615,
        "robustness": 0.1972680336857593
      },
      "problem_type": "twcvrp"
    }
  ]
}