{
  "solver": "NN+2opt",
  "overall": {
    "total_cost": 252.01080640372734,
    "waiting_time": 0.0,
    "cvr": 2.685714285714286,
    "feasibility": 0.9731428571428571,
    "runtime": 0.03663124356951032,
    "robustness": 0.0023356223055370356
  },
  "cvrp": {
    "total_cost": 252.01080640372734,
    "waiting_time": 0.0,
    "cvr": 2.685714285714286,
    "feasibility": 0.9731428571428571,
    "runtime": 0.03663124356951032,
    "robustness": 0.0023356223055370356
  },
  "twcvrp": {
    "total_cost": 0,
    "waiting_time": 0,
    "cvr": 0,
    "feasibility": 0,
    "runtime": 0,
    "robustness": 0,
    "time_window_violations": 0
  },
  "by_size": {
    "small": {
      "feasibility": 0.9433333333333334,
      "cost": 25.817104929935127,
      "cvr": 5.666666666666667,
      "runtime": 0.0024121602376302085
    },
    "medium": {
      "feasibility": 0.9924999999999999,
      "cost": 177.5446911445715,
      "cvr": 0.75,
      "runtime": 0.012535452842712402
    },
    "large": {
      "feasibility": 0.9984999999999999,
      "cost": 665.7674738735715,
      "cvr": 0.15000000000000002,
      "runtime": 0.11205565929412842
    }
  },
  "detailed": [
    {
      "problem": "cvrp",
      "size": 10,
      "type": "standard",
      "metrics": {
        "total_cost": 8.217980760820426,
        "waiting_time": 0.0,
        "cvr": 10.0,
        "feasibility": 0.9,
        "runtime": 0.001016537348429362,
        "robustness": 0.0011715123187839031
      },
      "problem_type": "cvrp"
    },
    {
      "problem": "cvrp",
      "size": 20,
      "type": "standard",
      "metrics": {
        "total_cost": 16.191411575324338,
        "waiting_time": 0.0,
        "cvr": 5.0,
        "feasibility": 0.9499999999999998,
        "runtime": 0.0017329851786295574,
        "robustness": 0.0014921225722357306
      },
      "problem_type": "cvrp"
    },
    {
      "problem": "cvrp",
      "size": 50,
      "type": "standard",
      "metrics": {
        "total_cost": 53.04192245366062,
        "waiting_time": 0.0,
        "cvr": 2.0,
        "feasibility": 0.98,
        "runtime": 0.004486958185831706,
        "robustness": 0.0036166774467879304
      },
      "problem_type": "cvrp"
    },
    {
      "problem": "cvrp",
      "size": 100,
      "type": "standard",
      "metrics": {
        "total_cost": 109.9484734984634,
        "waiting_time": 0.0,
        "cvr": 1.0,
        "feasibility": 0.9899999999999999,
        "runtime": 0.008607149124145508,
        "robustness": 0.0043494971877800406
      },
      "problem_type": "cvrp"
    },
    {
      "problem": "cvrp",
      "size": 200,
      "type": "standard",
      "metrics": {
        "total_cost": 245.1409087906796,
        "waiting_time": 0.0,
        "cvr": 0.5,
        "feasibility": 0.995,
        "runtime": 0.016463756561279297,
        "robustness": 0.005719546613171644
      },
      "problem_type": "cvrp"
    },
    {
      "problem": "cvrp",
      "size": 500,
      "type": "standard",
      "metrics": {
        "total_cost": 535.1611472607216,
        "waiting_time": 0.0,
        "cvr": 0.2,
        "feasibility": 0.998,
        "runtime": 0.05659151077270508,
        "robustness": 0.0
      },
      "problem_type": "cvrp"
    },
    {
      "problem": "cvrp",
      "size": 1000,
      "type": "standard",
      "metrics": {
        "total_cost": 796.3738004864214,
        "waiting_time": 0.0,
        "cvr": 0.1,
        "feasibility": 0.999,
        "runtime": 0.16751980781555176,
        "robustness": 0.0
      },
      "problem_type": "cvrp"
    }
  ]
}