{
  "solver": "NN+2opt",
  "overall": {
    "total_cost": 8999.40692598171,
    "waiting_time": 0.0,
    "cvr": 0.0,
    "feasibility": 1.0,
    "runtime": 0.052823811769485474,
    "robustness": 0.1839001450408252
  },
  "cvrp": {
    "total_cost": 9197.49554462752,
    "waiting_time": 0.0,
    "cvr": 0.0,
    "feasibility": 1.0,
    "runtime": 0.051995317141215004,
    "robustness": 0.15954567416069537
  },
  "twcvrp": {
    "total_cost": 8801.3183073359,
    "waiting_time": 0.0,
    "cvr": 0.0,
    "feasibility": 1.0,
    "runtime": 0.05365230639775594,
    "robustness": 0.20825461592095504
  },
  "by_size": {
    "medium": {
      "feasibility": 1.0,
      "cost": 8999.40692598171,
      "cvr": 0.0,
      "runtime": 0.052823811769485474
    }
  },
  "detailed": [
    {
      "problem": "cvrp",
      "size": 100,
      "type": "standard",
      "metrics": {
        "total_cost": 6983.089888469403,
        "waiting_time": 0.0,
        "cvr": 0.0,
        "feasibility": 1.0,
        "runtime": 0.02118261655171712,
        "robustness": 0.1523817094995056
      },
      "problem_type": "cvrp"
    },
    {
      "problem": "cvrp",
      "size": 200,
      "type": "standard",
      "metrics": {
        "total_cost": 11411.901200785638,
        "waiting_time": 0.0,
        "cvr": 0.0,
        "feasibility": 1.0,
        "runtime": 0.08280801773071289,
        "robustness": 0.16670963882188516
      },
      "problem_type": "cvrp"
    },
    {
      "problem": "twcvrp",
      "size": 100,
      "type": "standard",
      "metrics": {
        "total_cost": 6851.865142074331,
        "waiting_time": 0.0,
        "cvr": 0.0,
        "feasibility": 1.0,
        "runtime": 0.020838181177775066,
        "robustness": 0.26625788621752683
      },
      "problem_type": "twcvrp"
    },
    {
      "problem": "twcvrp",
      "size": 200,
      "type": "standard",
      "metrics": {
        "total_cost": 10750.77147259747,
        "waiting_time": 0.0,
        "cvr": 0.0,
        "feasibility": 1.0,
        "runtime": 0.08646643161773682,
        "robustness": 0.15025134562438325
      },
      "problem_type": "twcvrp"
    }
  ]
}