{
  "solver": "OR-Tools",
  "overall": {
    "total_cost": 7706.784561200684,
    "waiting_time": 0.0,
    "cvr": 0.0,
    "feasibility": 1.0,
    "runtime": 1.0874259372552235,
    "robustness": 0.21232323186441704
  },
  "cvrp": {
    "total_cost": 7902.908230188841,
    "waiting_time": 0.0,
    "cvr": 0.0,
    "feasibility": 1.0,
    "runtime": 1.086921731630961,
    "robustness": 0.18208482180833763
  },
  "twcvrp": {
    "total_cost": 7510.660892212527,
    "waiting_time": 0.0,
    "cvr": 0.0,
    "feasibility": 1.0,
    "runtime": 1.087930142879486,
    "robustness": 0.24256164192049645
  },
  "by_size": {
    "medium": {
      "feasibility": 1.0,
      "cost": 7706.784561200684,
      "cvr": 0.0,
      "runtime": 1.0874259372552235
    }
  },
  "detailed": [
    {
      "problem": "cvrp",
      "size": 100,
      "type": "standard",
      "metrics": {
        "total_cost": 5971.419600900651,
        "waiting_time": 0.0,
        "cvr": 0.0,
        "feasibility": 1.0,
        "runtime": 1.0375691254933674,
        "robustness": 0.24380334171026008
      },
      "problem_type": "cvrp"
    },
    {
      "problem": "cvrp",
      "size": 200,
      "type": "standard",
      "metrics": {
        "total_cost": 9834.39685947703,
        "waiting_time": 0.0,
        "cvr": 0.0,
        "feasibility": 1.0,
        "runtime": 1.1362743377685547,
        "robustness": 0.12036630190641517
      },
      "problem_type": "cvrp"
    },
    {
      "problem": "twcvrp",
      "size": 100,
      "type": "standard",
      "metrics": {
        "total_cost": 6075.814583463401,
        "waiting_time": 0.0,
        "cvr": 0.0,
        "feasibility": 1.0,
        "runtime": 1.0350749492645264,
        "robustness": 0.28295778844726427
      },
      "problem_type": "twcvrp"
    },
    {
      "problem": "twcvrp",
      "size": 200,
      "type": "standard",
      "metrics": {
        "total_cost": 8945.507200961654,
        "waiting_time": 0.0,
        "cvr": 0.0,
        "feasibility": 1.0,
        "runtime": 1.1407853364944458,
        "robustness": 0.20216549539372863
      },
      "problem_type": "twcvrp"
    }
  ]
}