{
  "solver": "OR-Tools",
  "overall": {
    "total_cost": 252.0105781824639,
    "waiting_time": 0.0,
    "cvr": 2.685714285714286,
    "feasibility": 0.9731428571428571,
    "runtime": 1.3671556597664243,
    "robustness": 0.0027615958696704927
  },
  "cvrp": {
    "total_cost": 252.0105781824639,
    "waiting_time": 0.0,
    "cvr": 2.685714285714286,
    "feasibility": 0.9731428571428571,
    "runtime": 1.3671556597664243,
    "robustness": 0.0027615958696704927
  },
  "twcvrp": {
    "total_cost": 0,
    "waiting_time": 0,
    "cvr": 0,
    "feasibility": 0,
    "runtime": 0,
    "robustness": 0,
    "time_window_violations": 0
  },
  "by_size": {
    "small": {
      "feasibility": 0.9433333333333334,
      "cost": 25.821575929447647,
      "cvr": 5.666666666666667,
      "runtime": 0.30533210436503094
    },
    "medium": {
      "feasibility": 0.9924999999999999,
      "cost": 177.5411949046762,
      "cvr": 0.75,
      "runtime": 1.0610699852307637
    },
    "large": {
      "feasibility": 0.9984999999999999,
      "cost": 665.7634648397759,
      "cvr": 0.15000000000000002,
      "runtime": 3.265976667404175
    }
  },
  "detailed": [
    {
      "problem": "cvrp",
      "size": 10,
      "type": "standard",
      "metrics": {
        "total_cost": 8.229590503518699,
        "waiting_time": 0.0,
        "cvr": 10.0,
        "feasibility": 0.9,
        "runtime": 0.7849730650583903,
        "robustness": 0.0011400739702514136
      },
      "problem_type": "cvrp"
    },
    {
      "problem": "cvrp",
      "size": 20,
      "type": "standard",
      "metrics": {
        "total_cost": 16.191354182930514,
        "waiting_time": 0.0,
        "cvr": 5.0,
        "feasibility": 0.9499999999999998,
        "runtime": 0.008800586064656576,
        "robustness": 0.0018583697190125497
      },
      "problem_type": "cvrp"
    },
    {
      "problem": "cvrp",
      "size": 50,
      "type": "standard",
      "metrics": {
        "total_cost": 53.04378310189372,
        "waiting_time": 0.0,
        "cvr": 2.0,
        "feasibility": 0.98,
        "runtime": 0.1222226619720459,
        "robustness": 0.0034754254732499283
      },
      "problem_type": "cvrp"
    },
    {
      "problem": "cvrp",
      "size": 100,
      "type": "standard",
      "metrics": {
        "total_cost": 109.94901320122875,
        "waiting_time": 0.0,
        "cvr": 1.0,
        "feasibility": 0.9899999999999999,
        "runtime": 0.9940418402353922,
        "robustness": 0.003850427659727231
      },
      "problem_type": "cvrp"
    },
    {
      "problem": "cvrp",
      "size": 200,
      "type": "standard",
      "metrics": {
        "total_cost": 245.13337660812363,
        "waiting_time": 0.0,
        "cvr": 0.5,
        "feasibility": 0.995,
        "runtime": 1.1280981302261353,
        "robustness": 0.009006874265452325
      },
      "problem_type": "cvrp"
    },
    {
      "problem": "cvrp",
      "size": 500,
      "type": "standard",
      "metrics": {
        "total_cost": 535.1519700961142,
        "waiting_time": 0.0,
        "cvr": 0.2,
        "feasibility": 0.998,
        "runtime": 2.0492489337921143,
        "robustness": 0.0
      },
      "problem_type": "cvrp"
    },
    {
      "problem": "cvrp",
      "size": 1000,
      "type": "standard",
      "metrics": {
        "total_cost": 796.3749595834378,
        "waiting_time": 0.0,
        "cvr": 0.1,
        "feasibility": 0.999,
        "runtime": 4.482704401016235,
        "robustness": 0.0
      },
      "problem_type": "cvrp"
    }
  ]
}