{
  "solver": "Tabu Search",
  "overall": {
    "total_cost": 9165.367409206825,
    "waiting_time": 0.0,
    "cvr": 0.0,
    "feasibility": 1.0,
    "runtime": 0.16890313227971396,
    "robustness": 0.19446472680881768
  },
  "cvrp": {
    "total_cost": 9342.123328956744,
    "waiting_time": 0.0,
    "cvr": 0.0,
    "feasibility": 1.0,
    "runtime": 0.16159780820210776,
    "robustness": 0.22712004018131315
  },
  "twcvrp": {
    "total_cost": 8988.611489456904,
    "waiting_time": 0.0,
    "cvr": 0.0,
    "feasibility": 1.0,
    "runtime": 0.17620845635732016,
    "robustness": 0.1618094134363222
  },
  "by_size": {
    "medium": {
      "feasibility": 1.0,
      "cost": 9165.367409206825,
      "cvr": 0.0,
      "runtime": 0.16890313227971396
    }
  },
  "detailed": [
    {
      "problem": "cvrp",
      "size": 100,
      "type": "standard",
      "metrics": {
        "total_cost": 7151.603887006305,
        "waiting_time": 0.0,
        "cvr": 0.0,
        "feasibility": 1.0,
        "runtime": 0.10275069872538249,
        "robustness": 0.22470472993301183
      },
      "problem_type": "cvrp"
    },
    {
      "problem": "cvrp",
      "size": 200,
      "type": "standard",
      "metrics": {
        "total_cost": 11532.642770907183,
        "waiting_time": 0.0,
        "cvr": 0.0,
        "feasibility": 1.0,
        "runtime": 0.220444917678833,
        "robustness": 0.22953535042961448
      },
      "problem_type": "cvrp"
    },
    {
      "problem": "twcvrp",
      "size": 100,
      "type": "standard",
      "metrics": {
        "total_cost": 7044.751320008254,
        "waiting_time": 0.0,
        "cvr": 0.0,
        "feasibility": 1.0,
        "runtime": 0.11084739367167155,
        "robustness": 0.16476941435821643
      },
      "problem_type": "twcvrp"
    },
    {
      "problem": "twcvrp",
      "size": 200,
      "type": "standard",
      "metrics": {
        "total_cost": 10932.471658905555,
        "waiting_time": 0.0,
        "cvr": 0.0,
        "feasibility": 1.0,
        "runtime": 0.24156951904296875,
        "robustness": 0.15884941251442797
      },
      "problem_type": "twcvrp"
    }
  ]
}